20160801-00,Simon_Pegg,146
20160801-01,Simon_Pegg,170
20160801-02,Simon_Pegg,139
20160801-03,Simon_Pegg,175
20160801-04,Simon_Pegg,135
20160801-05,Simon_Pegg,109
20160801-06,Simon_Cowell,96
20160801-06,Simon_Pegg,96
20160801-07,Simon_Pegg,101
20160801-08,Simon_Pegg,119
20160801-09,Simon_Cowell,127
20160801-10,Simon_Cowell,148
20160801-11,Simon_Cowell,154
20160801-12,Simon_Cowell,131
20160801-13,Simon_Pegg,127
20160801-14,Simon_Helberg,176
20160801-15,Simon_Pegg,173
20160801-16,Simon_Pegg,180
20160801-17,Simon_Pegg,149
20160801-18,Simon_Pegg,146
20160801-19,Simon_Pegg,164
20160801-20,Simon_Pegg,177
20160801-21,Simon_Pegg,178
20160801-22,Simon_Pegg,165
20160801-23,Simon_Pegg,139
20160802-00,Simon_Pegg,139
20160802-01,Simon_Pegg,108
20160802-02,Simon_Pegg,167
20160802-03,Simon_Pegg,109
20160802-04,Simon_Pegg,107
20160802-05,Simon_Helberg,303
20160802-06,Simon_Cowell,95
20160802-07,Simon_Cowell,82
20160802-08,Simon_Helberg,91
20160802-09,Simon_Cowell,81
20160802-10,Simon_Cowell,125
20160802-11,Simon_Cowell,149
20160802-12,Simon_Cowell,148
20160802-13,Simon_Pegg,140
20160802-14,Simon_Helberg,198
20160802-15,Simon_Cowell,156
20160802-16,Simon_Helberg,179
20160802-17,Simon_Pegg,141
20160802-18,Simon_Cowell,163
20160802-19,Simon_Pegg,155
20160802-20,Simon_Pegg,158
20160802-21,Simon_Pegg,142
20160802-22,Simon_Pegg,132
20160802-23,Simon_Pegg,129
